--
-- PostgreSQL database dump
--

-- Dumped from database version 12.17 (Ubuntu 12.17-1.pgdg22.04+1)
-- Dumped by pg_dump version 12.17 (Ubuntu 12.17-1.pgdg22.04+1)

SET statement_timeout = 0;
SET lock_timeout = 0;
SET idle_in_transaction_session_timeout = 0;
SET client_encoding = 'UTF8';
SET standard_conforming_strings = on;
SELECT pg_catalog.set_config('search_path', '', false);
SET check_function_bodies = false;
SET xmloption = content;
SET client_min_messages = warning;
SET row_security = off;

DROP DATABASE salon;
--
-- Name: salon; Type: DATABASE; Schema: -; Owner: freecodecamp
--

CREATE DATABASE salon WITH TEMPLATE = template0 ENCODING = 'UTF8' LC_COLLATE = 'C.UTF-8' LC_CTYPE = 'C.UTF-8';


ALTER DATABASE salon OWNER TO freecodecamp;

\connect salon

SET statement_timeout = 0;
SET lock_timeout = 0;
SET idle_in_transaction_session_timeout = 0;
SET client_encoding = 'UTF8';
SET standard_conforming_strings = on;
SELECT pg_catalog.set_config('search_path', '', false);
SET check_function_bodies = false;
SET xmloption = content;
SET client_min_messages = warning;
SET row_security = off;

SET default_tablespace = '';

SET default_table_access_method = heap;

--
-- Name: appointments; Type: TABLE; Schema: public; Owner: freecodecamp
--

CREATE TABLE public.appointments (
    appointment_id integer NOT NULL,
    customer_id integer,
    service_id integer,
    "time" character varying(60)
);


ALTER TABLE public.appointments OWNER TO freecodecamp;

--
-- Name: appointments_appointment_id_seq; Type: SEQUENCE; Schema: public; Owner: freecodecamp
--

CREATE SEQUENCE public.appointments_appointment_id_seq
    AS integer
    START WITH 1
    INCREMENT BY 1
    NO MINVALUE
    NO MAXVALUE
    CACHE 1;


ALTER TABLE public.appointments_appointment_id_seq OWNER TO freecodecamp;

--
-- Name: appointments_appointment_id_seq; Type: SEQUENCE OWNED BY; Schema: public; Owner: freecodecamp
--

ALTER SEQUENCE public.appointments_appointment_id_seq OWNED BY public.appointments.appointment_id;


--
-- Name: customers; Type: TABLE; Schema: public; Owner: freecodecamp
--

CREATE TABLE public.customers (
    customer_id integer NOT NULL,
    name character varying(60),
    phone character varying(40)
);


ALTER TABLE public.customers OWNER TO freecodecamp;

--
-- Name: customers_customer_id_seq; Type: SEQUENCE; Schema: public; Owner: freecodecamp
--

CREATE SEQUENCE public.customers_customer_id_seq
    AS integer
    START WITH 1
    INCREMENT BY 1
    NO MINVALUE
    NO MAXVALUE
    CACHE 1;


ALTER TABLE public.customers_customer_id_seq OWNER TO freecodecamp;

--
-- Name: customers_customer_id_seq; Type: SEQUENCE OWNED BY; Schema: public; Owner: freecodecamp
--

ALTER SEQUENCE public.customers_customer_id_seq OWNED BY public.customers.customer_id;


--
-- Name: services; Type: TABLE; Schema: public; Owner: freecodecamp
--

CREATE TABLE public.services (
    service_id integer NOT NULL,
    name character varying(60),
    available boolean
);


ALTER TABLE public.services OWNER TO freecodecamp;

--
-- Name: services_service_id_seq; Type: SEQUENCE; Schema: public; Owner: freecodecamp
--

CREATE SEQUENCE public.services_service_id_seq
    AS integer
    START WITH 1
    INCREMENT BY 1
    NO MINVALUE
    NO MAXVALUE
    CACHE 1;


ALTER TABLE public.services_service_id_seq OWNER TO freecodecamp;

--
-- Name: services_service_id_seq; Type: SEQUENCE OWNED BY; Schema: public; Owner: freecodecamp
--

ALTER SEQUENCE public.services_service_id_seq OWNED BY public.services.service_id;


--
-- Name: appointments appointment_id; Type: DEFAULT; Schema: public; Owner: freecodecamp
--

ALTER TABLE ONLY public.appointments ALTER COLUMN appointment_id SET DEFAULT nextval('public.appointments_appointment_id_seq'::regclass);


--
-- Name: customers customer_id; Type: DEFAULT; Schema: public; Owner: freecodecamp
--

ALTER TABLE ONLY public.customers ALTER COLUMN customer_id SET DEFAULT nextval('public.customers_customer_id_seq'::regclass);


--
-- Name: services service_id; Type: DEFAULT; Schema: public; Owner: freecodecamp
--

ALTER TABLE ONLY public.services ALTER COLUMN service_id SET DEFAULT nextval('public.services_service_id_seq'::regclass);


--
-- Data for Name: appointments; Type: TABLE DATA; Schema: public; Owner: freecodecamp
--

INSERT INTO public.appointments VALUES (1, 2, 5, '56pm');
INSERT INTO public.appointments VALUES (2, 1, 4, '45pm');
INSERT INTO public.appointments VALUES (3, 4, 5, '7pm');
INSERT INTO public.appointments VALUES (10, 10, 3, '67pm');
INSERT INTO public.appointments VALUES (17, 16, 5, '9am');
INSERT INTO public.appointments VALUES (18, 16, 3, '7pm');
INSERT INTO public.appointments VALUES (19, 16, 4, '4pm');
INSERT INTO public.appointments VALUES (20, 16, 2, '0pm');


--
-- Data for Name: customers; Type: TABLE DATA; Schema: public; Owner: freecodecamp
--

INSERT INTO public.customers VALUES (1, 'jay', '999-9999');
INSERT INTO public.customers VALUES (2, 'kak', '43-532');
INSERT INTO public.customers VALUES (3, 'po', '99');
INSERT INTO public.customers VALUES (4, 'yt', '76');
INSERT INTO public.customers VALUES (10, 'hf', '756');
INSERT INTO public.customers VALUES (16, 'zahyi', '011-644');


--
-- Data for Name: services; Type: TABLE DATA; Schema: public; Owner: freecodecamp
--

INSERT INTO public.services VALUES (1, 'cut', true);
INSERT INTO public.services VALUES (2, 'color', true);
INSERT INTO public.services VALUES (3, 'perm', true);
INSERT INTO public.services VALUES (4, 'style', true);
INSERT INTO public.services VALUES (5, 'trim', true);


--
-- Name: appointments_appointment_id_seq; Type: SEQUENCE SET; Schema: public; Owner: freecodecamp
--

SELECT pg_catalog.setval('public.appointments_appointment_id_seq', 20, true);


--
-- Name: customers_customer_id_seq; Type: SEQUENCE SET; Schema: public; Owner: freecodecamp
--

SELECT pg_catalog.setval('public.customers_customer_id_seq', 16, true);


--
-- Name: services_service_id_seq; Type: SEQUENCE SET; Schema: public; Owner: freecodecamp
--

SELECT pg_catalog.setval('public.services_service_id_seq', 1, false);


--
-- Name: appointments appointments_pkey; Type: CONSTRAINT; Schema: public; Owner: freecodecamp
--

ALTER TABLE ONLY public.appointments
    ADD CONSTRAINT appointments_pkey PRIMARY KEY (appointment_id);


--
-- Name: customers customers_phone_key; Type: CONSTRAINT; Schema: public; Owner: freecodecamp
--

ALTER TABLE ONLY public.customers
    ADD CONSTRAINT customers_phone_key UNIQUE (phone);


--
-- Name: customers customers_pkey; Type: CONSTRAINT; Schema: public; Owner: freecodecamp
--

ALTER TABLE ONLY public.customers
    ADD CONSTRAINT customers_pkey PRIMARY KEY (customer_id);


--
-- Name: services services_pkey; Type: CONSTRAINT; Schema: public; Owner: freecodecamp
--

ALTER TABLE ONLY public.services
    ADD CONSTRAINT services_pkey PRIMARY KEY (service_id);


--
-- Name: appointments appointments_customer_id_fkey; Type: FK CONSTRAINT; Schema: public; Owner: freecodecamp
--

ALTER TABLE ONLY public.appointments
    ADD CONSTRAINT appointments_customer_id_fkey FOREIGN KEY (customer_id) REFERENCES public.customers(customer_id);


--
-- Name: appointments appointments_service_id_fkey; Type: FK CONSTRAINT; Schema: public; Owner: freecodecamp
--

ALTER TABLE ONLY public.appointments
    ADD CONSTRAINT appointments_service_id_fkey FOREIGN KEY (service_id) REFERENCES public.services(service_id);


--
-- PostgreSQL database dump complete
--

